id,username,price,likes,size,brand,title,img_link,link,scrap_date
4193478500,happy74500,12.0,0,S,Nike,Veste de survÃªtement Nike,https://images1.vinted.net/t/02_01bf3_eNaqG6Lu34BZsp736M2DAZMK/310x430/1709825275.jpeg?s=cf24aee5d1b0ae81ffc3a33d049225d5aff063cf,https://www.vinted.fr/items/4193478500-veste-de-survetement-nike?referrer=catalog,2024-03-07 15:35:40
4193477600,okagawa,60.0,0,S,Nike,Veste Coupe-vent Nike,https://images1.vinted.net/t/01_01660_MU256oHUMwkUhRVVTA3ha8jY/310x430/1709825263.jpeg?s=480e90817c4ccf2338b3d95b2ddbb058b98ebc45,https://www.vinted.fr/items/4193477600-veste-coupe-vent-nike?referrer=catalog,2024-03-07 15:35:40
4193474342,vintage.dress.shop,12.9,0,M,Nike,veste nike taille M,https://images1.vinted.net/t/02_01e04_WrQtJ8sdF2b1qbuiZV946krs/310x430/1709825221.jpeg?s=7e4b3c8d94446ca56947b859774feeee845d7cbc,https://www.vinted.fr/items/4193474342-veste-nike-taille-m?referrer=catalog,2024-03-07 15:35:40
4193395134,thib_1234,30.0,1,S,Nike,Nike pull,https://images1.vinted.net/t/03_022cc_jn5wCdaZGF8GoRNg8qMbnb9t/310x430/1709824192.jpeg?s=35aa78a7c938ad1c781e1ef96ee728db50a68959,https://www.vinted.fr/items/4193395134-nike-pull?referrer=catalog,2024-03-07 15:35:40
4193398387,emiliedlc29,10.0,0,S / 36 / 8,Nike,Veste de sport Nike ,https://images1.vinted.net/t/03_01be0_uE7GUry1tcghcWAreT5tDmoB/310x430/1709824235.jpeg?s=ef555b7d22bfa1ebfb9a1597d2c26a982c2a4691,https://www.vinted.fr/items/4193398387-veste-de-sport-nike?referrer=catalog,2024-03-07 15:35:40
4193379483,fanny-kje,25.0,0,S,Nike,Veste Nike de football,https://images1.vinted.net/t/01_00b57_KTfnwv1bYCqjHueuWhC78fEE/310x430/1709823989.jpeg?s=57421e343d8a98f82c4adbe1b991ba0e3e88100e,https://www.vinted.fr/items/4193379483-veste-nike-de-football?referrer=catalog,2024-03-07 15:35:40
4193218819,inabella35,15.0,0,S,Nike,Veste lÃ©gÃ¨re de survÃªtement Nike Taille S,https://images1.vinted.net/t/03_0034f_wgRaSLH2zyqKY4TBtciY8M2q/310x430/1709821963.jpeg?s=3615ac16f6f38505722e2772c803faaa5f7127f8,https://www.vinted.fr/items/4193218819-veste-legere-de-survetement-nike-taille-s?referrer=catalog,2024-03-07 15:35:40
4193194990,yojp64,20.0,1,S,Nike,Veste d'entraÃ®nement foot ou autre taille s ,https://images1.vinted.net/t/01_0243f_jZpqd7vCWzKAGrWbdvm8QfPt/310x430/1709821666.jpeg?s=907a1b0bb2b580b07279d5364b6dd37a398a35d5,https://www.vinted.fr/items/4193194990-veste-dentrainement-foot-ou-autre-taille-s?referrer=catalog,2024-03-07 15:35:40
4193144954,nawlar,50.0,0,XS,Nike,Veste Nike Chelsea running,https://images1.vinted.net/t/02_00c03_zsvac9BNbB58B6ZZndTDy1QG/310x430/1709821041.jpeg?s=08028e69c64739a1f3860b5defdf37f313c08e6e,https://www.vinted.fr/items/4193144954-veste-nike-chelsea-running?referrer=catalog,2024-03-07 15:35:40
4193134733,juicy38130,32.0,0,XS / 34 / 6,Nike,Veste nike ,https://images1.vinted.net/t/03_0062e_5MKKRW2MgMTCcxs9RD28dKAa/310x430/1709820912.jpeg?s=02b6412693a59aa9cc2bafbc58a09e7408e58613,https://www.vinted.fr/items/4193134733-veste-nike?referrer=catalog,2024-03-07 15:35:40
4193112743,illona.ncl,20.0,0,M,Nike,Veste Nike ,https://images1.vinted.net/t/03_006f6_enpLxdHXjUyZxehj7Pfuwusv/310x430/1709820640.jpeg?s=be4f502325e8bdfe838fa984eb18e98da9745efd,https://www.vinted.fr/items/4193112743-veste-nike?referrer=catalog,2024-03-07 15:35:40
4193056844,flopln102,25.0,0,M,Nike,Veste PSG taille M,https://images1.vinted.net/t/02_00ebb_t1HxZbXHEdiK2yRK2jstjm9u/310x430/1709819939.jpeg?s=7c280279e13036c7f90e248abcbe0972bd660422,https://www.vinted.fr/items/4193056844-veste-psg-taille-m?referrer=catalog,2024-03-07 15:35:40
4193035673,roucoulo91,10.0,0,XS,Nike,"SurvÃªtement adidas veste bleu marine, ciel ",https://images1.vinted.net/t/03_018ff_HHt6qyYVPCvB9GoLbmnEi96F/310x430/1709819674.jpeg?s=b72870ce98cd58dd635e5cd86d02627e9cc22f00,https://www.vinted.fr/items/4193035673-survetement-adidas-veste-bleu-marine-ciel?referrer=catalog,2024-03-07 15:35:40
4192902666,cutboxsneakers,65.0,2,S,Nike,Nike cargo pantalon avec poche,https://images1.vinted.net/t/01_02073_p24bGabagryN1CsJMBP4bWs8/310x430/1709817989.jpeg?s=a3a1c03012ff521375dfaff88c6a979d2ac2decd,https://www.vinted.fr/items/4192902666-nike-cargo-pantalon-avec-poche?referrer=catalog,2024-03-07 15:35:40
4192929525,madamecamy,5.0,3,S / 36 / 8,Nike,Veste Ã  capuche noir et vert Nike ,https://images1.vinted.net/t/02_00153_6D6xXQECeN624hQEEZk1W3sX/310x430/1709818332.jpeg?s=c0e229386b86bf2d25e6544ffaddd2c21cd0845e,https://www.vinted.fr/items/4192929525-veste-a-capuche-noir-et-vert-nike?referrer=catalog,2024-03-07 15:35:40
4192893147,serenou2a,45.0,0,M / 38 / 10,Nike,Veste nike,https://images1.vinted.net/t/02_0208a_Ha9HfCEsrnzGi2UsDMtXMr1k/310x430/1709817868.jpeg?s=629c6dee426534eb7b00b4487956c1a0f3a7cddc,https://www.vinted.fr/items/4192893147-veste-nike?referrer=catalog,2024-03-07 15:35:40
4185588444,iliana30541.95,15.0,0,M,Nike,veste Ã  capuche grise ,https://images1.vinted.net/t/03_023c8_F8tctp2HNqYyDv8S3pfajHqz/310x430/1709653235.jpeg?s=8c7a3a9fde33671cd649ed27bb6db56a259747b9,https://www.vinted.fr/items/4185588444-veste-a-capuche-grise?referrer=catalog,2024-03-07 15:35:40
4192778687,nkm89_0,50.0,1,S / 36 / 8,Nike,Veste Nike de sport ,https://images1.vinted.net/t/03_012fb_hXdAkkfXRjh3UYfyGd4KkiNK/310x430/1709821718.jpeg?s=f32fcaa56a8149ab5a910bdaec6a111e13ae71da,https://www.vinted.fr/items/4192778687-veste-nike-de-sport?referrer=catalog,2024-03-07 15:35:40
4192802256,lena.thl,30.0,0,S,Nike,Veste/pull nike,https://images1.vinted.net/t/02_00342_mncimBFqHTaxfVeAg6Hgkt62/310x430/1709816696.jpeg?s=bd8bca9edc541e76dc5ccd4f02b281b9e94c5a6e,https://www.vinted.fr/items/4192802256-vestepull-nike?referrer=catalog,2024-03-07 15:35:40
4192790755,fashioncoati,15.0,1,S,Nike,Veste de SurvÃªtement Nike,https://images1.vinted.net/t/01_01138_msAVK3jbR8iVSuzQpAtT8Z2k/310x430/1709816550.jpeg?s=e5546ced6dfc0a0d51f47992d8a0cf6b56d267ce,https://www.vinted.fr/items/4192790755-veste-de-survetement-nike?referrer=catalog,2024-03-07 15:35:40
4192756654,clementdeflandre,19.0,4,S,Nike,Veste de training Nike,https://images1.vinted.net/t/02_001b8_PBJN67J9ooGwtoXzkP9rxS5g/310x430/1709816110.jpeg?s=f4ce85fe6c71cc5c67855a3d7594a3161172e69b,https://www.vinted.fr/items/4192756654-veste-de-training-nike?referrer=catalog,2024-03-07 15:35:40
4192745102,thib_1234,30.0,0,S,Nike,Nike pull,https://images1.vinted.net/t/01_00758_AmVCH8VoRg7JDGzrheWWAw1M/310x430/1709815958.jpeg?s=3c61d03aad636605c46d15c258a26eb85b6aefdb,https://www.vinted.fr/items/4192745102-nike-pull?referrer=catalog,2024-03-07 15:35:40
4192750936,clementdeflandre,24.0,1,S,Nike,Pull Nike Sportswear,https://images1.vinted.net/t/03_00f75_zcgogpwTK7BMrzEps5q8hDqB/310x430/1709816036.jpeg?s=18b254927d744661e9cace9a7cd71f9dad7e4a10,https://www.vinted.fr/items/4192750936-pull-nike-sportswear?referrer=catalog,2024-03-07 15:35:40
4192725769,ledressing-ds,25.0,0,S,Nike,Veste Nike trÃ¨s bon Ã©tat,https://images1.vinted.net/t/03_01f3f_v6Um7BaKM5o9zFZtRJbHj7Sr/310x430/1709815706.jpeg?s=53ab618042544e501d8400a98da4cedb325a5595,https://www.vinted.fr/items/4192725769-veste-nike-tres-bon-etat?referrer=catalog,2024-03-07 15:35:40
4192623204,thib_1234,30.0,1,S,Nike,Nike pull Noir,https://images1.vinted.net/t/03_0246d_XMWuHK6q3oBvcsDNNYh155qz/310x430/1709814355.jpeg?s=a11f1c46e75cb3fb25a03f93cf4b81c9e5898077,https://www.vinted.fr/items/4192623204-nike-pull-noir?referrer=catalog,2024-03-07 15:35:40
4192615779,moonam73,20.0,2,M,Nike,Veste PSG,https://images1.vinted.net/t/03_02461_MDUWomngpj24ka9PXFqivxXN/310x430/1709814256.jpeg?s=873e1c79e046546031620b91ec27296367bfeca8,https://www.vinted.fr/items/4192615779-veste-psg?referrer=catalog,2024-03-07 15:35:40
4192550838,thomas_url,9.9,1,XS,Nike,ðŸ‘” Veste ZippÃ© Nike Totenham Taille 8 Ans ðŸ‘”,https://images1.vinted.net/t/03_00a87_xHLWfscA7SaXb2ySDt8qkido/310x430/1709813374.jpeg?s=1f53eefd04c69abf25bc8c4cfe418587814da4c3,https://www.vinted.fr/items/4192550838-veste-zippe-nike-totenham-taille-8-ans?referrer=catalog,2024-03-07 15:35:40
4192582582,hazard10592,15.0,1,M,Nike,Veste Nike Losc,https://images1.vinted.net/t/01_003c7_JUoZTisGdMj1ZrAGNyihZybA/310x430/1709813809.jpeg?s=604348ccfbe308f840e05f99738d1b13c975f15d,https://www.vinted.fr/items/4192582582-veste-nike-losc?referrer=catalog,2024-03-07 15:35:40
4192569785,kenzo0906,35.0,3,S,Nike,Ensemble nike,https://images1.vinted.net/t/02_0033d_arTtJsvsFnicrUBaveFFYPcF/310x430/1709813634.jpeg?s=d2d8f89c0c207078645b73ecb9c151bccf903d26,https://www.vinted.fr/items/4192569785-ensemble-nike?referrer=catalog,2024-03-07 15:35:40
4192474391,valentinolazar,39.99,3,S,Nike,ðŸª‚ 2000s Parachute Nike grigio (Taglia S),https://images1.vinted.net/t/01_016d0_qtjHrzGJugBMFs9yLR5tUeuK/310x430/1709812317.jpeg?s=aa9808d9706ac1fdea4beb760d44dc17b9dd7707,https://www.vinted.fr/items/4192474391-2000s-parachute-nike-grigio-taglia-s?referrer=catalog,2024-03-07 15:35:40
4192490831,jeniferkhobez,35.0,0,13 ans / 158 cm,Nike,Ensemble psg ,https://images1.vinted.net/t/02_01d0f_sYipnKTbkV61bAx4qfV3QxRH/310x430/1709812545.jpeg?s=cf3fb93cb0e84a143bf7b52cbbd70d7463cfeff0,https://www.vinted.fr/items/4192490831-ensemble-psg?referrer=catalog,2024-03-07 15:35:40
4184425607,sylvaint1,100.0,4,S,Nike,Nike running escape  ,https://images1.vinted.net/t/02_01d17_gEUAd8QX139jWvWjYxE7KLjM/310x430/1709639240.jpeg?s=2d050eecf4f7bd77fc06369637a9ab64e6bdf244,https://www.vinted.fr/items/4184425607-nike-running-escape?referrer=catalog,2024-03-07 15:35:40
4192415064,andreapun91,18.0,2,M / 38 / 10,Nike,Nike leggero,https://images1.vinted.net/t/02_02232_bWJe3oeLpE8ymyyvY1sXZ58P/310x430/1709811490.jpeg?s=e6304b2e30280f81985929868c323bc43657374b,https://www.vinted.fr/items/4192415064-nike-leggero?referrer=catalog,2024-03-07 15:35:40
4192337942,amandinebayon,15.0,4,S / 36 / 8,Nike,Veste sport Nike court ,https://images1.vinted.net/t/02_01449_KESebTY2JgzE8nat59KkPJtq/310x430/1709810417.jpeg?s=f8111d5914daa154e03c96bd0131d5e0ad7bbeec,https://www.vinted.fr/items/4192337942-veste-sport-nike-court?referrer=catalog,2024-03-07 15:35:40
4192313560,lau-hln,3.0,1,13 ans / 158 cm,Nike,Veste jogging ,https://images1.vinted.net/t/01_00b41_HyTYuutTvPn9otvcCULdn8Yh/310x430/1709810083.jpeg?s=e4447f92937655d49e9e66044e4900ab87aac9f0,https://www.vinted.fr/items/4192313560-veste-jogging?referrer=catalog,2024-03-07 15:35:40
4192284229,ekim1988,27.0,0,M / 38 / 10,Nike,Veste lÃ©gÃ¨re Nike (M),https://images1.vinted.net/t/01_014e4_dEatFWy5NcGUReW8N2N6rjew/310x430/1709809677.jpeg?s=09cbf5859bb2d90b50962e1132ecd7684a07cc4a,https://www.vinted.fr/items/4192284229-veste-legere-nike-m?referrer=catalog,2024-03-07 15:35:40
4192229278,dvdbgz157475013,39.0,3,M,Nike,Veste Tennis Nike en M ,https://images1.vinted.net/t/02_02301_ccbAMNisNZtH8yEnVB9ZhrP1/310x430/1709808956.jpeg?s=f43c7b5b988fe8f358aa73b8e228ed5c93c93a1a,https://www.vinted.fr/items/4192229278-veste-tennis-nike-en-m?referrer=catalog,2024-03-07 15:35:40
4192206517,pitch60,12.0,6,M / 38 / 10,Nike,Veste running Nike. 38. TrÃ¨s bon Ã©tat.,https://images1.vinted.net/t/03_0178d_tXzkH2U2VcT4rBwsPSScqdov/310x430/1709808656.jpeg?s=3dd5b960c10d3bb97ae8ceee8c133a668438a906,https://www.vinted.fr/items/4192206517-veste-running-nike-38-tres-bon-etat?referrer=catalog,2024-03-07 15:35:40
4192171189,magali3749,9.0,1,14 ans / 164 cm,Nike,Veste sport sweat Nike ,https://images1.vinted.net/t/01_009db_drxnXyyJiu26tWA8KXhCCzis/310x430/1709808192.jpeg?s=9ec3d8af5ac64204fd12014ae8914adec6dc1d88,https://www.vinted.fr/items/4192171189-veste-sport-sweat-nike?referrer=catalog,2024-03-07 15:35:40
4192113067,hkremer2b,15.0,0,13 ans / 158 cm,Nike,Veste Nike 12/13 ans ,https://images1.vinted.net/t/03_01ae0_65VqzHYWr3vmNdGKeMf1C45f/310x430/1709807421.jpeg?s=e73756d917d6f07891fef9bfed51352cdcb349d4,https://www.vinted.fr/items/4192113067-veste-nike-1213-ans?referrer=catalog,2024-03-07 15:35:40
4192095532,lilypol,50.0,0,M / 38 / 10,Nike,Veste nike ,https://images1.vinted.net/t/03_024a0_6mqosJ48mYZsAGVbfjGV6c9o/310x430/1709807186.jpeg?s=16930ac919ff3cda2519035c8b1895c204dcfc4b,https://www.vinted.fr/items/4192095532-veste-nike?referrer=catalog,2024-03-07 15:35:40
4191952571,franclia8,49.0,6,S,Nike,Pull de survÃªtement nike ,https://images1.vinted.net/t/03_0260b_UpZR4HnumUJaPs6QgoPzkXq2/310x430/1709805212.jpeg?s=e4ac387d59c20bdae0d2bc30878737b52a82e0f2,https://www.vinted.fr/items/4191952571-pull-de-survetement-nike?referrer=catalog,2024-03-07 15:35:40
4191940826,dje_mickael,15.0,0,M,Nike,Veste Nike homme taille M ,https://images1.vinted.net/t/01_016cb_Ak6gz9qwCqJZtGAqDU5nPq33/310x430/1709805043.jpeg?s=7eb0ea0ffcd7c2c29dbc53fd0c59386a69cdfc60,https://www.vinted.fr/items/4191940826-veste-nike-homme-taille-m?referrer=catalog,2024-03-07 15:35:40
4191890800,maeva_gi,35.0,0,XS / 34 / 6,Nike,Veste sport Nike ,https://images1.vinted.net/t/01_00aa3_SXdK2zKptAmwp5E9mBNH6FUb/310x430/1709804296.jpeg?s=f2a7e6eecd330eef79a36a6c33e81f87bc1ea6c6,https://www.vinted.fr/items/4191890800-veste-sport-nike?referrer=catalog,2024-03-07 15:35:40
4191772925,aridressing,25.0,1,S / 36 / 8,Nike,Veste courte Nike,https://images1.vinted.net/t/03_00eab_xMVzSzBG4Dy6fZdPNtMFHNYh/310x430/1709802369.jpeg?s=14855c7e2dc8d8d722dd147ff992beab51870346,https://www.vinted.fr/items/4191772925-veste-courte-nike?referrer=catalog,2024-03-07 15:35:40
4191734895,lulu_1777,32.0,0,XS / 34 / 6,Nike,Veste Nike noire,https://images1.vinted.net/t/01_02265_2XEohEjLe1YVL9wsxB3ZsrSb/310x430/1709801653.jpeg?s=8ba72dfb02e366b5f108c1e0683ee11698442e1e,https://www.vinted.fr/items/4191734895-veste-nike-noire?referrer=catalog,2024-03-07 15:35:40
4191711102,loanne.gbx,40.0,3,S,Nike,Veste nike tech,https://images1.vinted.net/t/03_01dee_H5VqnhMAMg4mTkPRw7LUAX4f/310x430/1709801179.jpeg?s=821a0dd0820a215c3f7cf92b494d7beec2f9a703,https://www.vinted.fr/items/4191711102-veste-nike-tech?referrer=catalog,2024-03-07 15:35:40
4191702130,fibronectine,35.0,4,S / 36 / 8,Nike,Veste running Nike S ,https://images1.vinted.net/t/02_00d9f_gN8i9BJnc8Ye58TWgn6SceMB/310x430/1709800994.jpeg?s=78532147c73fe2ede735d85a78092ddb3a5031cb,https://www.vinted.fr/items/4191702130-veste-running-nike-s?referrer=catalog,2024-03-07 15:35:40
4191584959,laureenv38,19.0,0,S / 36 / 8,Nike,Veste zippÃ©e ,https://images1.vinted.net/t/03_01c48_euDp4Jyn89NLmCfCMjGoq4wg/310x430/1709798074.jpeg?s=0eab79d8ee6588a63ca9d98238473e788ec27b4c,https://www.vinted.fr/items/4191584959-veste-zippee?referrer=catalog,2024-03-07 15:35:40
4191548723,labelleaffairepro,57.0,1,XS,Nike,Lot 2 articles Nike,https://images1.vinted.net/t/03_0212b_nQek84qrRGsZkudXmWN2EXm3/310x430/1709796815.jpeg?s=8176a13559a49cf705d7f164ee3925dfc2f92b5c,https://www.vinted.fr/items/4191548723-lot-2-articles-nike?referrer=catalog,2024-03-07 15:35:40
4191457010,delaveau,25.0,10,S,Nike,Haut Nike sport Homme,https://images1.vinted.net/t/03_00b20_gbF2jyQxHfneq8GBX5EybVgA/310x430/1709790371.jpeg?s=32763476f5730870af61a16d562bd1fe829cbe13,https://www.vinted.fr/items/4191457010-haut-nike-sport-homme?referrer=catalog,2024-03-07 15:35:40
4191442646,nicolettey145x,6.0,3,S / 36 / 8,Nike,Nike dri fit vest top,https://images1.vinted.net/t/03_02054_N26T7Y3NmqUBcfbmuXHiug3n/310x430/1709786640.jpeg?s=0f54ed988ea83d6214656d43aa8d55936826efd7,https://www.vinted.fr/items/4191442646-nike-dri-fit-vest-top?referrer=catalog,2024-03-07 15:35:40
4191439236,angebleu048,30.0,0,14 ans / 164 cm,Nike,veste de sport NIKE 14 ans Neuve,https://images1.vinted.net/t/03_0270a_zBqYv1bWo6BWp6T9W7gcNYLn/310x430/1709784829.jpeg?s=dd39248bd1dabba25927d9db2baa7ed71f17c045,https://www.vinted.fr/items/4191439236-veste-de-sport-nike-14-ans-neuve?referrer=catalog,2024-03-07 15:35:40
4191430253,orrv,30.0,0,M,Nike,Nike training jacket,https://images1.vinted.net/t/01_009e3_bY37c6THM3R9GjivUSCFxYqd/310x430/1709779937.jpeg?s=a75c0531cad998f95862c6476d08fb6e505fc88a,https://www.vinted.fr/items/4191430253-nike-training-jacket?referrer=catalog,2024-03-07 15:35:40
4191389392,tripleg567,65.0,13,S,Nike,Veste nike running rare noir ,https://images1.vinted.net/t/02_00677_huBZE9Gq36vpG6hnRa8JyDbJ/310x430/1709770195.jpeg?s=8e9f42b9d59bac5aa46718644bc660e4628fa884,https://www.vinted.fr/items/4191389392-veste-nike-running-rare-noir?referrer=catalog,2024-03-07 15:35:40
4191321101,maximeprx,25.0,0,XS,Nike,Veste nike ,https://images1.vinted.net/t/03_001fb_F3Mf39YghJwSxQHsTSmbbpbq/310x430/1709765507.jpeg?s=1bcfb1b4d9f91bf5244b7569651b8198c42e7560,https://www.vinted.fr/items/4191321101-veste-nike?referrer=catalog,2024-03-07 15:35:40
4191281098,afumicooo,16.0,8,S,Nike,Pantaloncini Nike ,https://images1.vinted.net/t/01_0155b_zt6hSQgAHFquUF8U7yegYPNn/310x430/1709764006.jpeg?s=e1618d3f4fbcd887a43a441d7ef609e6e2f7106f,https://www.vinted.fr/items/4191281098-pantaloncini-nike?referrer=catalog,2024-03-07 15:35:40
4191219529,jen500a,27.0,0,S,Nike,Veste jacket collector Nike N98 Psg paris saint germain S,https://images1.vinted.net/t/02_0257f_MiV1AuNjKkuvAGvGRigZATyh/310x430/1709762198.jpeg?s=8cf5ce36cb35b438ad77aa9b17a4fc7e6b326e5a,https://www.vinted.fr/items/4191219529-veste-jacket-collector-nike-n98-psg-paris-saint-germain-s?referrer=catalog,2024-03-07 15:35:40
4191209238,jen500a,27.0,2,S,Nike,Veste jacket collector Nike N98 Psg paris saint germain S,https://images1.vinted.net/t/01_00029_2cu8uj8aNVsyh2cxLWTdGJwN/310x430/1709761919.jpeg?s=7c3842624b9aca0ebe202b0519cda3bda136ca31,https://www.vinted.fr/items/4191209238-veste-jacket-collector-nike-n98-psg-paris-saint-germain-s?referrer=catalog,2024-03-07 15:35:40
4191192081,nikte.shop,70.0,8,S,Nike,Veste Running ,https://images1.vinted.net/t/02_00ffe_YvMYb6P48gzZ5wPQF7Zp7M6Z/310x430/1709761485.jpeg?s=5f3ae3a0f06214d7c3c1cfcf4c8cf8e7081b0f93,https://www.vinted.fr/items/4191192081-veste-running?referrer=catalog,2024-03-07 15:35:40
4191128353,kema_vintage,34.0,0,M,Nike,Veste coupe vent Nike NHL Homme Chicago Blackhawks M,https://images1.vinted.net/t/01_01fb6_rbXiFj4dt9smvZjUgnPkYmct/310x430/1709760092.jpeg?s=9b4941784413c2cbeaaa0673970a87fd0a1d6fe1,https://www.vinted.fr/items/4191128353-veste-coupe-vent-nike-nhl-homme-chicago-blackhawks-m?referrer=catalog,2024-03-07 15:35:40
4191075172,china444,35.0,5,S,Nike,Felpa Nike Vintage 90s anni 90 Y2K boxy fit oversize Pull Pullover Crewneck Sweatshirt Veste,https://images1.vinted.net/t/03_006e3_bSrS335kDe87UAcqFVWpCsi9/310x430/1709759052.jpeg?s=9fd61b5a4167822a264295953fa3def36c80c880,https://www.vinted.fr/items/4191075172-felpa-nike-vintage-90s-anni-90-y2k-boxy-fit-oversize-pull-pullover-crewneck-sweatshirt-veste?referrer=catalog,2024-03-07 15:35:40
4191084004,dede6838,29.0,1,M / 38 / 10,Nike,Veste Nike tennis ,https://images1.vinted.net/t/03_009bd_gPmCQHXcmW8keP6FNA6iDUkp/310x430/1709759216.jpeg?s=d10edd1708d2aa2a2e638454b0a177c8af64729d,https://www.vinted.fr/items/4191084004-veste-nike-tennis?referrer=catalog,2024-03-07 15:35:40
4191077027,dede6838,23.0,2,M / 38 / 10,Nike,Polaire sans manche Nike ,https://images1.vinted.net/t/01_0048f_8sj5j5tvhcaoSewp5kj2Pbdx/310x430/1709759086.jpeg?s=bff0a89b070447b6998e19f16089c07b16a7a6a6,https://www.vinted.fr/items/4191077027-polaire-sans-manche-nike?referrer=catalog,2024-03-07 15:35:40
4191059017,lola.nicoli,8.0,0,13 ans / 158 cm,Nike,Veste Nike noir enfant ,https://images1.vinted.net/t/01_0245b_p8gEr3yiUR6HmrdHgbWieoDM/310x430/1709758765.jpeg?s=14c3d1e6d6fa48233457c8a59ca85e9a25c1c6f0,https://www.vinted.fr/items/4191059017-veste-nike-noir-enfant?referrer=catalog,2024-03-07 15:35:40
